rank,attr,label,type,nominal,S_mean,dW_minus10_pct,dW_plus10_pct,dW_plus20_pct,failed
1,BETA_QBIT,β_QBiT (frame frac.),param,0.18,0.355938,-3.429540,3.682426,7.646798,False
2,ETA_HOVER,η_hover,param,0.65,0.305169,3.348509,-2.694951,-4.917375,False
3,BATTERY_EFF,η_bat,param,0.85,0.283761,3.134226,-2.476338,-4.486671,False
4,BATTERY_DENSITY,ρ_bat (Wh/kg),input,158.0,0.283761,3.134226,-2.476338,-4.486671,False
5,RHO_AIR,ρ_air,input,1.225,0.150509,1.615082,-1.378576,-2.573781,False
6,K_WING_B,k_wing_B,model,2.2854,0.116152,-1.186186,1.134755,2.225357,False
7,K_ESC,k_ESC,model,0.0003594,0.113563,-1.132166,1.138932,2.285277,False
8,T_HOVER,t_hover,input,60.0,0.104566,-1.042725,1.048462,2.103167,False
9,K_MOTOR,k_motor,model,0.0002506,0.079178,-0.790103,0.793394,1.590298,False
10,K_ROTOR_A,k_rotor_A,model,0.7484,0.037631,-0.379094,0.373437,0.741580,False
11,E_OSWALD,e_Oswald,param,0.8,0.036693,0.401609,-0.326023,-0.595962,False
12,AR_FIXED,AR,input,8.0,0.036693,0.401609,-0.326023,-0.595962,False
13,CD0_ROTOR,CD0_rotor,param,0.012,0.031951,-0.321527,0.317456,0.631014,False
14,SIGMA,σ (solidity),param,0.13,0.031951,-0.321527,0.317456,0.631014,False
15,K_WING_A,k_wing_A,model,-0.0802,0.023567,-0.235665,0.235666,0.471333,False
16,CD0_WING,CD0_wing,param,0.01,0.020100,-0.200566,0.201437,0.403750,False
17,K_ROTOR_B,k_rotor_B,model,0.0403,0.009796,0.097934,-0.097982,-0.196013,False
18,KAPPA_MAX,κ_max,param,1.15,0.000000,0.000000,0.000000,0.000000,False
