rank,attr,label,type,nominal,S1,S1_conf,ST,ST_conf,interaction,decision
1,T_HOVER,t_hover,input,60.0,0.320828,0.285700,0.772123,0.669395,0.451295,KEEP
2,BATTERY_DENSITY,ρ_bat (Wh/kg),input,158.0,0.250696,0.223611,0.484814,0.215686,0.234118,KEEP
3,RHO_AIR,ρ_air,input,1.225,0.012246,0.034528,0.316717,0.514058,0.304472,KEEP
4,ETA_HOVER,η_hover,param,0.65,0.022067,0.093895,0.153632,0.143003,0.131565,KEEP
5,BATTERY_EFF,η_bat,param,0.85,0.052408,0.064551,0.093822,0.084888,0.041414,KEEP
6,BETA_QBIT,β_QBiT (frame frac.),param,0.18,0.056150,0.069539,0.038043,0.030490,-0.018107,marginal
7,K_WING_B,k_wing_B,model,2.2854,0.022615,0.026779,0.012462,0.012899,-0.010153,marginal
8,AR_FIXED,AR,input,8.0,0.001482,0.011387,0.004404,0.004685,0.002922,FREEZE
9,CL_MAX,CL_MAX (cruise CL),param,1.0,-0.019977,0.017804,0.003679,0.005300,0.023656,FREEZE
10,E_OSWALD,e_Oswald,param,0.8,-0.002194,0.010098,0.002443,0.002427,0.004637,FREEZE
11,K_ROTOR_A,k_rotor_A,model,0.7484,0.010634,0.009052,0.001895,0.001163,-0.008739,FREEZE
12,CD0_ROTOR,CD0_rotor,param,0.012,0.006112,0.010826,0.001133,0.000826,-0.004979,FREEZE
13,K_MOTOR,k_motor,model,0.0002506,-0.000862,0.006854,0.000849,0.000820,0.001711,FREEZE
14,SIGMA,σ (solidity),param,0.13,0.002087,0.009029,0.000696,0.000886,-0.001390,FREEZE
15,K_ESC,k_ESC,model,0.0003594,0.007103,0.008277,0.000666,0.000588,-0.006437,FREEZE
16,DL_MAX,DL_MAX (disk load.),param,55.0,0.000139,0.002880,0.000135,0.000155,-0.000003,FREEZE
17,CD0_WING,CD0_wing,param,0.01,0.001022,0.003129,0.000125,0.000138,-0.000897,FREEZE
18,K_WING_A,k_wing_A,model,-0.0802,-0.000510,0.001085,0.000017,0.000014,0.000527,FREEZE
19,K_ROTOR_B,k_rotor_B,model,0.0403,-0.000518,0.000818,0.000015,0.000013,0.000533,FREEZE
20,KAPPA_MAX,κ_max,param,1.15,0.000013,0.000022,0.000008,0.000014,-0.000004,FREEZE
21,BL_MAX,BL_MAX (blade load.),param,80.0,0.000000,0.000000,0.000000,0.000000,0.000000,FREEZE
