rank,attr,label,type,nominal,S1,S1_conf,ST,ST_conf,interaction,decision
1,T_HOVER,t_hover,input,60.0,0.457035,0.141725,0.765266,0.221525,0.308231,KEEP
2,BATTERY_DENSITY,ρ_bat (Wh/kg),input,158.0,0.208951,0.109913,0.440293,0.151638,0.231342,KEEP
3,BATTERY_EFF,η_bat,param,0.85,0.129598,0.068054,0.396678,0.177521,0.267079,KEEP
4,ETA_HOVER,η_hover,param,0.65,0.027988,0.055095,0.116665,0.059293,0.088677,KEEP
5,RHO_AIR,ρ_air,input,1.225,0.021225,0.020692,0.069766,0.086696,0.048541,KEEP
6,BETA_QBIT,β_QBiT (frame frac.),param,0.18,0.047623,0.034809,0.056294,0.028813,0.008670,KEEP
7,CD0_ROTOR,CD0_rotor,param,0.012,0.012042,0.021127,0.030000,0.050535,0.017958,marginal
8,K_WING_B,k_wing_B,model,2.2854,0.011389,0.020427,0.024565,0.013055,0.013176,marginal
9,E_OSWALD,e_Oswald,param,0.8,0.001793,0.015498,0.022530,0.032783,0.020736,marginal
10,AR_FIXED,AR,input,8.0,-0.005644,0.021477,0.009230,0.005512,0.014873,FREEZE
11,CL_MAX,CL_MAX (cruise CL),param,1.0,-0.000592,0.012352,0.004704,0.001866,0.005296,FREEZE
12,K_ROTOR_A,k_rotor_A,model,0.7484,0.000967,0.007846,0.003403,0.002682,0.002436,FREEZE
13,SIGMA,σ (solidity),param,0.13,0.003249,0.004992,0.002125,0.001544,-0.001124,FREEZE
14,K_ESC,k_ESC,model,0.0003594,0.001933,0.006731,0.001923,0.001180,-0.000010,FREEZE
15,CD0_WING,CD0_wing,param,0.01,0.000974,0.003185,0.000453,0.000344,-0.000522,FREEZE
16,K_MOTOR,k_motor,model,0.0002506,0.000342,0.003440,0.000448,0.000240,0.000106,FREEZE
17,DL_MAX,DL_MAX (disk load.),param,55.0,0.000504,0.002664,0.000225,0.000092,-0.000279,FREEZE
18,K_ROTOR_B,k_rotor_B,model,0.0403,0.000157,0.000551,0.000015,0.000009,-0.000142,FREEZE
19,K_WING_A,k_wing_A,model,-0.0802,-0.000011,0.000482,0.000012,0.000005,0.000023,FREEZE
20,KAPPA_MAX,κ_max,param,1.15,0.000094,0.000190,0.000002,0.000004,-0.000092,FREEZE
21,BL_MAX,BL_MAX (blade load.),param,80.0,0.000000,0.000000,0.000000,0.000000,0.000000,FREEZE
