rank,attr,label,type,nominal,S_mean,dW_minus10_pct,dW_plus10_pct,dW_plus20_pct,failed
1,BETA_QBIT,β_QBiT (frame frac.),param,0.18,0.375116,-3.606781,3.887588,8.090131,False
2,BATTERY_DENSITY,ρ_bat (Wh/kg),input,158.0,0.354255,3.933598,-3.059960,-5.512701,False
3,BATTERY_EFF,η_bat,param,0.85,0.354255,3.933598,-3.059960,-5.512701,False
4,ETA_HOVER,η_hover,param,0.65,0.352653,3.882606,-3.094987,-5.627539,False
5,RHO_AIR,ρ_air,input,1.225,0.173759,1.868090,-1.586958,-2.957216,False
6,T_HOVER,t_hover,input,60.0,0.153910,-1.530276,1.547576,3.113842,False
7,K_WING_B,k_wing_B,model,2.2854,0.131421,-1.339914,1.286283,2.526627,False
8,CL_MAX,CL_MAX (cruise CL),param,0.6,0.116502,1.278600,-1.033185,-1.878876,False
9,K_ESC,k_ESC,model,0.0003594,0.111419,-1.109584,1.118653,2.246906,False
10,K_MOTOR,k_motor,model,0.0002506,0.077684,-0.774608,0.779018,1.562626,False
11,K_ROTOR_A,k_rotor_A,model,0.7484,0.045724,-0.460490,0.453867,0.901565,False
12,E_OSWALD,e_Oswald,param,0.8,0.038641,0.422974,-0.343246,-0.627363,False
13,AR_FIXED,AR,input,8.0,0.038641,0.422974,-0.343246,-0.627363,False
14,CD0_ROTOR,CD0_rotor,param,0.012,0.036186,-0.363964,0.359706,0.715339,False
15,SIGMA,σ (solidity),param,0.13,0.036186,-0.363964,0.359706,0.715339,False
16,K_WING_A,k_wing_A,model,-0.0802,0.023578,-0.235782,0.235784,0.471569,False
17,CD0_WING,CD0_wing,param,0.01,0.021165,-0.211174,0.212133,0.425230,False
18,K_ROTOR_B,k_rotor_B,model,0.0403,0.010800,0.107987,-0.108022,-0.216079,False
19,DL_MAX,DL_MAX (disk loading),param,250.0,0.000000,0.000000,0.000000,0.000000,False
20,KAPPA_MAX,κ_max,param,1.15,0.000000,0.000000,0.000000,0.000000,False
21,BL_MAX,BL_MAX (blade loading),param,0.14,0.000000,0.000000,0.000000,0.000000,False
