rank,attr,label,type,nominal,S_mean,dW_minus10_pct,dW_plus10_pct,dW_plus20_pct,failed
1,BATTERY_EFF,η_bat,param,0.85,0.684225,7.748890,-5.648155,-9.954687,False
2,BATTERY_DENSITY,ρ_bat (Wh/kg),input,158.0,0.684225,7.748890,-5.648155,-9.954687,False
3,ETA_HOVER,η_hover,param,0.65,0.557634,6.218197,-4.770254,-8.557004,False
4,BETA_QBIT,β_QBiT (frame frac.),param,0.18,0.480186,-4.563930,5.023081,10.578333,False
5,T_HOVER,t_hover,input,60.0,0.279381,-2.747554,2.838262,5.774633,False
6,RHO_AIR,ρ_air,input,1.225,0.272605,2.952224,-2.461154,-4.552584,False
7,K_WING_B,k_wing_B,model,2.2854,0.222764,-2.253556,2.198808,4.353002,False
8,K_ESC,k_ESC,model,0.0003594,0.151626,-1.502743,1.529483,3.086875,False
9,K_MOTOR,k_motor,model,0.0002506,0.105712,-1.050576,1.063576,2.140547,False
10,AR_FIXED,AR,input,8.0,0.099403,1.092874,-0.876079,-1.594047,False
11,E_OSWALD,e_Oswald,param,0.8,0.099403,1.092874,-0.876079,-1.594047,False
12,CD0_ROTOR,CD0_rotor,param,0.012,0.061054,-0.612783,0.608242,1.212186,False
13,SIGMA,σ (solidity),param,0.13,0.061054,-0.612783,0.608242,1.212186,False
14,CD0_WING,CD0_wing,param,0.01,0.054320,-0.540121,0.546253,1.098743,False
15,K_ROTOR_A,k_rotor_A,model,0.7484,0.051546,-0.517306,0.513551,1.023595,False
16,K_WING_A,k_wing_A,model,-0.0802,0.023586,-0.235861,0.235862,0.471726,False
17,K_ROTOR_B,k_rotor_B,model,0.0403,0.011470,0.114713,-0.114694,-0.229369,False
18,KAPPA_MAX,κ_max,param,1.15,0.000000,0.000000,0.000000,0.000000,False
